[{"pk": 1, "model": "rah.actioncat", "fields": {"updated": "2010-01-20 14:41:28", "name": "Hot Water", "created": "2009-12-01 15:59:52", "content": "Many of us don't realize that using water uses energy. In fact, supplying your home with hot water uses <strong>a lot</strong> of energy. Your hot water tank has to keep around 60 gallons of water at more than 100\u00b0F all day long. Hot water accounts for about 15% of the average household\u2019s energy bill.<cite>\"<a href=\"http://www.energystar.gov/index.cfm?c=products.pr_pie\">Where Does My Money Go?</a>\" ENERGY STAR. n.d. 19 Jan 2010</cite> By becoming more aware of your hot water use, and installing a few low-cost upgrades, you can easily reduce this number. The following steps will help you be more mindful and use your hot water more efficiently.", "teaser": "Hot water accounts for about 15-20% of the average household\u2019s energy bill. By becoming more aware of your hot water use, and installing a few low-cost upgrades, you can easily reduce this number. ", "slug": "hot-water"}}, {"pk": 2, "model": "rah.actioncat", "fields": {"updated": "2010-01-20 14:40:21", "name": "Electricity", "created": "2009-12-02 10:48:56", "content": "You may already be taking steps like turning off the lights when you leave a room, but some sources of electricity waste are more difficult to spot. These actions will help you maximize your electricity savings by identifying these sources.", "teaser": "teaser", "slug": "electricity"}}, {"pk": 3, "model": "rah.actioncat", "fields": {"updated": "2010-01-20 14:40:14", "name": "Air Sealing & Insulation", "created": "2009-12-02 10:54:46", "content": "While improving your home's heating and cooling system is important, you'll see the biggest improvements by focusing on air sealing and insulation. In addition to lowering energy bills, proper air sealing and insulation will also create a healthier home with better air quality and fewer allergens. \r\n\r\n\"Air sealing\" refers to closing gaps in a house, preventing unwanted drafts and air leakage. \"Insulation\" is a material that limits heat flow. Insulation is like putting on a sweater; air sealing is like zipping up your coat. As you know from walking outside on a cold day, the warmest coat is almost useless if it's left open. The same is true in your home: installing insulation should go hand-in-hand with improved air sealing. ", "teaser": "teaser", "slug": "air-sealing-insulation"}}, {"pk": 4, "model": "rah.actioncat", "fields": {"updated": "2010-01-25 10:22:14", "name": "Heating & Cooling", "created": "2009-12-02 10:55:08", "content": "Your heating and cooling system is the single biggest contributor to your home's overall energy bill.<cite>\"<a href=\"http://www.energystar.gov/index.cfm?c=products.pr_pie\">Where Does My Money Go?</a>\" ENERGY STAR. n.d. 19 Jan. 2010</cite> While buying new equipment may make sense for some older, out-of-date systems, these upgrades can be quite pricey. Instead of investing in expensive improvements, you can see big savings simply by getting the most out of the equipment already in your home. These low- and no-cost steps will give you a big return on your investment and significantly reduce your energy use.", "teaser": "teaser", "slug": "heating-cooling"}}, {"pk": 5, "model": "rah.actioncat", "fields": {"updated": "2010-01-20 14:39:10", "name": "Appliances", "created": "2009-12-02 10:55:27", "content": "Appliances - like your refrigerator, dish washer, and clothes dryer - account for 13% of the average home's energy bill.<cite>\"<a href=\"http://www.energystar.gov/index.cfm?c=products.pr_pie\">Where Does My Money Go?</a>\" ENERGY STAR. n.d. 19 Jan. 2010</cite> These actions will help you use your appliances more efficiently and decide whether it's time to upgrade to a newer model.", "teaser": "teaser", "slug": "appliances"}}, {"pk": 6, "model": "rah.actioncat", "fields": {"updated": "2010-01-20 14:37:33", "name": "Home Audits", "created": "2009-12-02 10:55:54", "content": "Having a home audits will improve your home's re-sale value, lower your utility bills, and create a more comfortable living space. \r\n\r\nAfter having an audit and making improvements, the average household saves <strong>more than 20% on their total energy bill</strong>.<cite>\"<a href=\"http://www.energy.state.md.us/incentives/residential/res_ee.asp\">Maryland Home Performance with ENERGY STAR</a>.\" Maryland Energy Administration. n.d. 20 Jan, 2010</cite> Some households have the potential to save as much as 40%.<cite>\"In Maryland, annual residential energy costs average $2400 per year. With the Maryland Home Performance with ENERGY STAR Program, potential exists to save between $200 and $950 per year by making the home more energy-efficient.\" \"<a href=\"http://www.energy.state.md.us/incentives/residential/res_ee.asp\">Maryland Home Performance with ENERGY STAR</a>.\" Maryland Energy Administration. n.d. 20 Jan, 2010</cite> Working with an auditor is <strong>the</strong> single biggest step you can take towards improving the overall performance of your home.", "teaser": "teaser", "slug": "home-inspections"}}, {"pk": 36, "model": "rah.action", "fields": {"category": 1, "updated": "2010-01-12 10:03:08", "name": "Install a low-flow sink aerator", "created": "2009-12-10 12:56:44", "users_in_progress": 0, "content": "If every household in the United States installed low-flow faucet accessories, we could save about $600 million in annual energy costs from heating water. <cite><a href=\"http://www.epa.gov/watersense/products/bathroom_sink_faucets.html\">WaterSense Labeled Sink Faucets and Accessories</a></cite>", "users_completed": 0, "teaser": "Install a low-flow sink aerator", "total_points": 25, "slug": "install-low-flow-sink-aerator", "total_tasks": 2}}, {"pk": 35, "model": "rah.action", "fields": {"category": 4, "updated": "2010-01-12 10:03:16", "name": "Use your ceiling fan in the winter", "created": "2009-12-10 12:54:58", "users_in_progress": 0, "content": "Your fan can be a windfall for energy savings all year long.", "users_completed": 0, "teaser": "Use your ceiling fan in the winter", "total_points": 20, "slug": "use-ceiling-fan-winter", "total_tasks": 2}}, {"pk": 32, "model": "rah.action", "fields": {"category": 2, "updated": "2010-01-12 10:43:19", "name": "Use motion sensors and/or timers for \"always-on\" lights", "created": "2009-12-10 12:43:55", "users_in_progress": 0, "content": "You can stop wasting hours of electricity every day when you only need a few minutes. ", "users_completed": 0, "teaser": "Use motion sensors and/or timers for \"always-on\" lights", "total_points": 30, "slug": "sensors-timers-for-lights", "total_tasks": 3}}, {"pk": 33, "model": "rah.action", "fields": {"category": 3, "updated": "2010-01-12 10:41:33", "name": "Keep your fireplace damper closed", "created": "2009-12-10 12:49:37", "users_in_progress": 0, "content": "Your fireplace is supposed to keep you warm, but leaky fireplaces often make your house colder by drawing warm air up the flue. ", "users_completed": 0, "teaser": "Keep your fireplace damper closed", "total_points": 10, "slug": "keep-fireplace-damper-closed", "total_tasks": 1}}, {"pk": 34, "model": "rah.action", "fields": {"category": 1, "updated": "2010-01-25 10:22:48", "name": "Install a low-flow shower head", "created": "2009-12-10 12:52:26", "users_in_progress": 0, "content": "The energy you save by switching will power your television for a year.<cite>Installing two low-flow shower heads will save the average household 300 kWh per year: <a href=\"http://www.epa.gov/watersense/docs/showerhead_suppstat508.pdf\">WaterSense\u00ae Draft Specification for Showerheads\r\nSupporting Statement</a>, p. 5</cite><cite>A 32\" LCD television on for 3 hours, every day uses 139.2 kWh of electricity a year: <a href=\"http://michaelbluejay.com/electricity/howmuch.html\">How much electricity does my stuff use?</a></cite>", "users_completed": 0, "teaser": "Install a low-flow shower head", "total_points": 25, "slug": "install-low-flow-shower-head", "total_tasks": 2}}, {"pk": 30, "model": "rah.action", "fields": {"category": 4, "updated": "2010-01-12 10:46:06", "name": "Change your air conditioning and heater filters every three months", "created": "2009-12-10 12:43:13", "users_in_progress": 0, "content": "Clean filters help your system run efficiently, last longer, and improve indoor air quality. ", "users_completed": 0, "teaser": "Change your air conditioning and heater filters every three months", "total_points": 10, "slug": "change-air-conditioning-heater-filters", "total_tasks": 1}}, {"pk": 31, "model": "rah.action", "fields": {"category": 4, "updated": "2010-01-12 10:44:38", "name": "Use your ceiling fan in the summer", "created": "2009-12-10 12:43:45", "users_in_progress": 0, "content": "Fans create a more comfortable home and lower cooling bills.", "users_completed": 0, "teaser": "Use your ceiling fan in the summer", "total_points": 20, "slug": "use-ceiling-fan-summer", "total_tasks": 2}}, {"pk": 27, "model": "rah.action", "fields": {"category": 4, "updated": "2010-01-15 16:07:32", "name": "Seal off vents in unoccupied rooms", "created": "2009-12-10 12:42:24", "users_in_progress": 0, "content": "Vent covers allow you to prevent unnecessary heating and cooling in hobby rooms, guest rooms, and other occasional-use spaces. Closing these vents will help your HVAC system work faster and use less energy.", "users_completed": 0, "teaser": "Seal off vents in unoccupied rooms", "total_points": 30, "slug": "seal-vents-unoccupied-rooms", "total_tasks": 3}}, {"pk": 26, "model": "rah.action", "fields": {"category": 4, "updated": "2010-01-12 11:06:50", "name": "Dial down your thermostat when you're at home", "created": "2009-12-10 12:41:57", "users_in_progress": 0, "content": "You can save energy without sacrificing comfort. ", "users_completed": 0, "teaser": "Dial down your thermostat", "total_points": 20, "slug": "dial-down-thermostat", "total_tasks": 2}}, {"pk": 22, "model": "rah.action", "fields": {"category": 1, "updated": "2010-01-19 14:26:44", "name": "Wash your clothes in cold water", "created": "2009-12-10 12:40:26", "users_in_progress": 0, "content": "If you wash your clothes in cold water instead of hot, your washing machine will use 90% less energy per load.<cite>Planet Green, <a href=\"http://planetgreen.discovery.com/home-garden/beat-the-heat-wash-in-cold.html\">Beat the Heat, Wash in Cold</a></cite>", "users_completed": 0, "teaser": "Wash your clothes in cold water", "total_points": 10, "slug": "wash-clothes-cold-water", "total_tasks": 1}}, {"pk": 23, "model": "rah.action", "fields": {"category": 2, "updated": "2010-01-26 10:20:40", "name": "Cut standby power", "created": "2009-12-10 12:40:57", "users_in_progress": 0, "content": "75% of the electricity used to power home electronics and appliances is consumed while the products are turned off.<cite>Department of Energy, <a href=\"http://www.energy.gov/applianceselectronics.htm\"> \t\r\nAppliances & Electronics</a></cite> This \"vampire\" power accounts for 5-10% of your electric bill.<cite>Lawerence Berkley National Laboratory, <a href=\"http://standby.lbl.gov/faq.html\">Standby Power: FAQs</a></cite> ", "users_completed": 0, "teaser": "Cut standby power", "total_points": 20, "slug": "cut-standby-power", "total_tasks": 2}}, {"pk": 40, "model": "rah.action", "fields": {"category": 3, "updated": "2010-01-26 11:34:11", "name": "Replace your windows", "created": "2010-01-26 11:34:11", "users_in_progress": 0, "content": "New windows are an expensive upgrade with a longer payback period, so they probably shouldn't be first on your list. However, if you've already made other improvements, new windows can make a big difference in your your home's appearance and performance. ", "users_completed": 0, "teaser": "teaser", "total_points": 150, "slug": "replace-your-windows", "total_tasks": 2}}, {"pk": 24, "model": "rah.action", "fields": {"category": 4, "updated": "2010-01-15 16:14:48", "name": "Use a programmable thermostat", "created": "2009-12-10 12:40:59", "users_in_progress": 0, "content": "Your home will be more comfortable when you're there, and more efficient when you're away.", "users_completed": 0, "teaser": "Use a programmable thermostat", "total_points": 40, "slug": "programmable-thermostat", "total_tasks": 4}}, {"pk": 19, "model": "rah.action", "fields": {"category": 6, "updated": "2010-01-15 10:46:59", "name": "Have a home audit", "created": "2009-12-10 12:38:21", "users_in_progress": 0, "content": "A home audit will give you the tools to understand and unlock the unique energy saving opportunities in your home.  ", "users_completed": 0, "teaser": "Have a home inspection", "total_points": 40, "slug": "have-home-audit", "total_tasks": 4}}, {"pk": 20, "model": "rah.action", "fields": {"category": 1, "updated": "2010-01-15 16:14:11", "name": "Insulate your water pipes", "created": "2009-12-10 12:39:17", "users_in_progress": 0, "content": "Just like your water heater, adding insulation to your hot water pipes helps them stay hotter, longer. Insulated pipes deliver water that's 2\u00baF\u20134\u00baF hotter than uninsulated pipes, allowing you to turn your water heater down while maintaining your water heater temperature.<cite>Department of Energy, Energy Savers, <a href=\"http://www.energysavers.gov/your_home/water_heating/index.cfm/mytopic=13060\">Insulate Hot Water Pipes for Energy Saving</a></cite> Insulated pipes are also better protected against frost.", "users_completed": 0, "teaser": "Insulate your water pipes", "total_points": 15, "slug": "insulate-water-pipes", "total_tasks": 2}}, {"pk": 21, "model": "rah.action", "fields": {"category": 3, "updated": "2010-01-12 11:44:57", "name": "Install a chimney draft guard", "created": "2009-12-10 12:39:51", "users_in_progress": 0, "content": "Draft guards keep warm air where it belongs.", "users_completed": 0, "teaser": "Install a chimney draft guard", "total_points": 30, "slug": "install-chimney-draft-guard", "total_tasks": 3}}, {"pk": 37, "model": "rah.action", "fields": {"category": 2, "updated": "2010-01-19 14:27:53", "name": "Replace your incandescent light bulbs with CFLs", "created": "2010-01-13 16:12:30", "users_in_progress": 0, "content": "CFLs are four times more efficient than outdated incandescent light bulbs.<cite>ToolBase Services, <a href=\"http://www.toolbase.org/Technology-Inventory/Electrical-Electronics/full-spectrum-fluorescent-lamps\">Compact Fluorescent Lighting</a></cite> Keep track of your progress with this list.", "users_completed": 0, "teaser": "Replace your incandescent light bulbs with CFLs", "total_points": 200, "slug": "replace-your-incandescent-light-bulbs-with-cfls", "total_tasks": 6}}, {"pk": 18, "model": "rah.action", "fields": {"category": 1, "updated": "2010-01-14 15:13:07", "name": "Adjust the temperature setting on your water heater", "created": "2009-12-10 12:37:58", "users_in_progress": 0, "content": "Lowering the temperature on your hot water heater prevents scalding and saves real energy. For every 10\u00b0 you lower your water heater, you'll save around 5% on your water heating bill.<cite>American Council for an Energy-Efficient Economy, <a href=\"http://www.aceee.org/consumerguide/waterheating.htm\">Consumer Guide to Home Energy Savings: Condensed Online Version, Water Heating</a></cite>", "users_completed": 0, "teaser": "Adjust the temperature setting on your water heater", "total_points": 30, "slug": "adjust-water-heater-temperature", "total_tasks": 1}}, {"pk": 16, "model": "rah.action", "fields": {"category": 1, "updated": "2010-01-12 11:56:13", "name": "Insulate your water heater", "created": "2009-12-10 12:36:58", "users_in_progress": 0, "content": "If the outside of your water heater feels warm, heat is escaping and your system could benefit from additional insulation.", "users_completed": 0, "teaser": "Insulate your water heater", "total_points": 25, "slug": "insulate-water-heater", "total_tasks": 3}}, {"pk": 17, "model": "rah.action", "fields": {"category": 5, "updated": "2010-01-12 11:56:04", "name": "Replace your outdated refrigerator ", "created": "2009-12-10 12:37:00", "users_in_progress": 0, "content": "An Energy Star-rated refrigerator gives your kitchen a sleek, fresh look while saving a ton of energy. ", "users_completed": 0, "teaser": "Replace your outdated refrigerator ", "total_points": 30, "slug": "replace-your-outdated-refrigerator", "total_tasks": 2}}, {"pk": 38, "model": "rah.action", "fields": {"category": 3, "updated": "2010-01-25 16:45:56", "name": "Caulk around your windows", "created": "2010-01-25 14:42:27", "users_in_progress": 0, "content": "Savvy homeowners know that small gaps make a huge difference in energy bills. Luckily there's an easy solution: caulking. Caulking can seal gaps that are up to 1/4\" wide. Tubes often cost less than $8, making caulking one of the best repairs you can do yourself. ", "users_completed": 0, "teaser": "teaser", "total_points": 30, "slug": "caulk-around-your-windows", "total_tasks": 3}}, {"pk": 39, "model": "rah.action", "fields": {"category": 3, "updated": "2010-01-26 09:59:04", "name": "Insulate your windows", "created": "2010-01-25 17:03:30", "users_in_progress": 0, "content": "Heat loss from your windows accounts for 10-25% of your winter heating bill.<cite>\"<a href=\"http://www1.eere.energy.gov/consumer/tips/windows.html\">Energy Saver Tips: Windows</a>.\" Energy Savers. Department of Energy. 22 Jan 2009. 25 Jan 2010.</cite> Inexpensive insulation kits create more comfortable rooms and lower bills.  ", "users_completed": 0, "teaser": "teaser", "total_points": 15, "slug": "insulate-your-windows", "total_tasks": 2}}, {"pk": 41, "model": "rah.action", "fields": {"category": 2, "updated": "2010-01-27 14:41:27", "name": "Set your computer to sleep automatically", "created": "2010-01-27 14:28:56", "users_in_progress": 0, "content": "\"Screen savers\" don't save any energy, but sleep mode does.  By activating sleep mode, you can $25-$75 per computer annually.<cite>\"<a href=\"http://www.energystar.gov/index.cfm?c=power_mgt.pr_power_mgt_faq\">Frequently Asked Questions (FAQs)</a>.\" ENERGY STAR. n.d. 27 Jan 2010.</cite>", "users_completed": 0, "teaser": "teaser", "total_points": 20, "slug": "set-your-computer-sleep-automatically", "total_tasks": 1}}, {"pk": 8, "model": "rah.activity", "fields": {"content": "You'll need to know how many gallons your water heater holds. Your manual will provide this information, but most homes use hot water heaters that hold 30-50 gallons.<cite>Nunan, Jon. \"<a href=\"http://www.servicemagic.com/article.show.Hot-Water-Needs.8976.html>Hot Water Needs</a>\" Service Magic. n.d. 20 Jan. 2010</cite>", "updated": "2010-01-25 10:36:02", "points": 5, "name": "Size your water heater", "created": "2010-01-25 10:36:02"}}, {"pk": 11, "model": "rah.activity", "fields": {"content": "Most hot water insulating kits are fairly inexpensive \u2013 usually under $20. Look for one that has an R-value of 8 or more, like the <a href='http://www.amazon.com/Thermwell-SP57-11C-Heater-Blanket-gallon/dp/B000BPCWQY/ref=sr_1_1?ie=UTF8&amp;s=hi&amp;qid=1257784351&amp;sr=8-1'>Frost King</a> model.  Adding insulation will save you 4-9% in water heating costs.<cite>\"<a href=\"http://www.energysavers.gov/your_home/water_heating/index.cfm/mytopic=13070>Insulate Your Water Heater Tank for Energy Savings</a>\" <i>Energy Savers</i>. U.S. Department of Energy. 24 March 2009. 19 Jan 2010</cite>", "updated": "2010-01-20 15:00:33", "points": 10, "name": "Buy an insulation kit", "created": "2010-01-20 15:00:33"}}, {"pk": 15, "model": "rah.activity", "fields": {"content": "You can easily install it yourself with some scissors and tape. Your kit may come with its own instructions, but here is a set of general <a href='http://www.energysavers.gov/your_home/water_heating/index.cfm/mytopic=13080'>step-by-step instructions</a>. If you have a gas-powered water heater, make sure to keep the insulation away from the flue.", "updated": "2010-01-20 14:55:37", "points": 10, "name": "Install the insulation ", "created": "2010-01-20 14:55:37"}}, {"pk": 7, "model": "rah.activity", "fields": {"content": "Look for the blue Energy Star label when selecting your appliance. Energy Star refrigerators use 20% less energy than similar, non-certified models.<cite>\"<a href=\"http://energystar.custhelp.com/cgi-bin/energystar.cfg/php/enduser/std_adp.php?p_faqid=4912>What's more energy efficient, a refrigerator with a top-mounted freezers, bottom-mounted freezer, or a side-by-side?</a>\" ENERGY STAR. 9 Sept. 2009. 20 Jan. 2010.</cite> <a href=\"http://www.energystar.gov/index.cfm?fuseaction=refrig.calculator\">This calculator</a> will tell you how much more energy you current fridge is wasting when compared to a new model. You can find an Energy Star model for almost any type of refrigerator, giving you access to all the latest features.", "updated": "2010-01-25 10:36:49", "points": 20, "name": "Buy an Energy Star-rated refrigerator ", "created": "2010-01-25 10:36:49"}}, {"pk": 9, "model": "rah.activity", "fields": {"content": "   ", "updated": "2010-01-20 15:00:39", "points": 10, "name": "Install your new refrigerator ", "created": "2010-01-20 15:00:39"}}, {"pk": 19, "model": "rah.activity", "fields": {"content": "Your owner\u2019s manual will include instructions about how to adjust the temperature setting. If you can't find your manual, it's usually fairly easy to find your heater's thermostat. <a href='http://www.popularmechanics.com/how_to_central/home_clinic/1833166.html?page=1'>This article from Popular Mechanics</a> gives a good description of how to set the temperature for electric, gas, and oil powered water heaters.\r\n", "updated": "2010-01-20 15:02:30", "points": 30, "name": "Set your water heater to 120\u00b0F", "created": "2010-01-20 15:02:30"}}, {"pk": 10, "model": "rah.activity", "fields": {"content": "The Repower@Home database will connect you with a qualified auditor in your neighborhood. Repower@Home only lists inspectors who are certified by Energy Star, so you know you'll be receiving high-quality work.", "updated": "2010-01-20 15:32:37", "points": 10, "name": "Identify an auditor", "created": "2010-01-20 15:32:37"}}, {"pk": 12, "model": "rah.activity", "fields": {"content": "Pick a time when you'll be able to devote a few hours to walking through your home with the auditors.", "updated": "2010-01-12 12:20:23", "points": 10, "name": "Schedule an appointment", "created": "2010-01-12 12:20:23"}}, {"pk": 13, "model": "rah.activity", "fields": {"content": "Think of any concerns you may already have and collect your recent utility bills.", "updated": "2010-01-12 12:20:32", "points": 10, "name": "Organize your documents", "created": "2010-01-12 12:20:32"}}, {"pk": 14, "model": "rah.activity", "fields": {"content": "   ", "updated": "2010-01-12 12:20:47", "points": 10, "name": "Meet the auditor and begin improving your home ", "created": "2010-01-12 12:20:47"}}, {"pk": 21, "model": "rah.activity", "fields": {"content": "Insulation is very inexpensive and commonly available. The diameter of your pipe should match the diameter of the sleeve for a snug fit.", "updated": "2010-01-12 16:51:36", "points": 10, "name": "Buy insulation", "created": "2010-01-12 16:51:36"}}, {"pk": 23, "model": "rah.activity", "fields": {"content": "This is a very similar project to insulating your hot water heater: cut, wrap, and tape. The most important pipes are the ones that are three feet or closer to your hot water heater.<cite>California Energy Commission, <a href=\"http://www.consumerenergycenter.org/home/appliances/waterheaters.html>Water Heaters - Energy Choices at Home</a> If you have a gas-powered water heater, make sure to keep your insulation at least six inches away from the flue.<cite>Mighigan Dept. of Energy, Labor & Economic Growth, <i>The Energy Observer</i> <a href=\"http://www.michigan.gov/documents/dleg/EO_12-08_260425_7.pdf>Increasing Your Water Heater's Efficiency</a></cite>", "updated": "2010-01-12 16:51:45", "points": 5, "name": "Install the insulation", "created": "2010-01-12 16:51:45"}}, {"pk": 16, "model": "rah.activity", "fields": {"content": "It's important that the chimney draft guard fits snugly.", "updated": "2010-01-12 13:12:57", "points": 10, "name": "Size your fireplace", "created": "2010-01-12 13:12:57"}}, {"pk": 17, "model": "rah.activity", "fields": {"content": "   ", "updated": "2010-01-12 16:52:35", "points": 10, "name": "Order your draft guard", "created": "2010-01-12 16:52:35"}}, {"pk": 18, "model": "rah.activity", "fields": {"content": "     ", "updated": "2010-01-13 15:02:25", "points": 10, "name": "Install draft guard", "created": "2010-01-13 15:02:25"}}, {"pk": 35, "model": "rah.activity", "fields": {"content": "If you wash 80% of your loads in cold water for a year, you'll save more than $60 in energy costs.<cite>Planet Green, <a href=\"http://planetgreen.discovery.com/home-garden/beat-the-heat-wash-in-cold.html\">Beat the Heat, Wash in Cold</a></cite>\r\n\r\nThere are many laundry detergents available that are specifically formulated to work with cold water, including Tide Coldwash and Woolite Liquid Cold Water Wash. As an added benefit of switching cycles, your clothes will last longer if they're washed in cold water.", "updated": "2010-01-13 15:50:44", "points": 10, "name": "Switch your wash cycle", "created": "2010-01-13 15:50:44"}}, {"pk": 43, "model": "rah.activity", "fields": {"content": "You can eliminate vampire power by connecting all your electronics to power strips, and switching off the power strip after you're done using your devices. \r\n\r\nIt's easy to forget to switch off your power strip every time, so \"smart\" power strips are here to make destroying vampire power even easier. They  cut power to your electronics, either by <a href='http://www.amazon.com/Belkin-BG108000-04-Conserve-Energy-Saving/dp/B001GQ2W6W'>linking all devices on the strip to a single control</a> or by <a href='http://catalog.bitsltd.us/'>automatically switching everything off</a> when one device, like the television, is powered down. They're perfect for the home entertainment or office areas. \r\n", "updated": "2010-01-13 15:55:01", "points": 10, "name": "Buy a power strip", "created": "2010-01-13 15:55:01"}}, {"pk": 66, "model": "rah.activity", "fields": {"content": "Plug in your devices and start saving! Make sure you remember to switch your power strip off, or you won't actually see any savings.", "updated": "2010-01-26 10:23:25", "points": 10, "name": "Use the power strip", "created": "2010-01-26 10:23:25"}}, {"pk": 22, "model": "rah.activity", "fields": {"content": "There are a wide range of thermostats for many different types of heating systems, budgets, and habits.  Some thermostats give you the ability to program several different settings for each day of the week.", "updated": "2010-01-13 15:55:12", "points": 10, "name": "Identify the correct model for your home", "created": "2010-01-13 15:55:12"}}, {"pk": 24, "model": "rah.activity", "fields": {"content": "Buy the right thermostat for your system. If your home has electric heat, make sure to select one specifically for that system. Programmable thermostats are generally not compatible with heat pumps.", "updated": "2010-01-13 15:03:23", "points": 10, "name": "Purchase the thermostat", "created": "2010-01-13 15:03:23"}}, {"pk": 25, "model": "rah.activity", "fields": {"content": "If you already have a manual thermostat, you can probably install a programmable one yourself.", "updated": "2010-01-13 15:03:32", "points": 10, "name": "Install the thermostat", "created": "2010-01-13 15:03:32"}}, {"pk": 26, "model": "rah.activity", "fields": {"content": "Think about when you typically go to bed, leave in the morning, and come home at night. Set your thermostat to lower your heat or air-conditioning while you're asleep or at work, and turn the heat back up by the time you wake up or get home. During the winter, rolling back your thermostat from 72\u00b0 to 65\u00b0 for eight hours a day will save you 7% on your heating bill.<cite>Department of Energy, Energy Savers, <a href=\"http://www.energysavers.gov/your_home/space_heating_cooling/index.cfm/mytopic=12720>Thermostats and Control Systems</a></cite> You can achieve similar savings in the summer by raising your thermostat in the summer.", "updated": "2010-01-13 15:05:56", "points": 10, "name": "Program the thermostat", "created": "2010-01-13 15:05:56"}}, {"pk": 27, "model": "rah.activity", "fields": {"content": "The difference between 78\u00b0 and 74\u00b0 may not feel like much, but it has a big impact on your energy use. By permanently setting your thermostat to 78\u00b0 instead of 74\u00b0 during the summer, you'll save around 12% on your cooling bill.<cite>Christopher Solomon, MSN Real Estate <a href=\"http://realestate.msn.com/article.aspx?cp-documentid=13107978>14 ways to lower your heating bill</a></cite> The same is true in the winter; try setting your thermostat to 70\u00b0 or 68\u00b0 instead of 72\u00b0. ", "updated": "2010-01-13 17:07:00", "points": 10, "name": "Experiment to find a comfortable temperature", "created": "2010-01-13 17:07:00"}}, {"pk": 28, "model": "rah.activity", "fields": {"content": "           ", "updated": "2010-01-13 17:07:12", "points": 10, "name": "Enact your reduced settings ", "created": "2010-01-13 17:07:12"}}, {"pk": 29, "model": "rah.activity", "fields": {"content": "If your vents can easily be closed, you may not even need a vent cover.", "updated": "2010-01-13 17:07:12", "points": 10, "name": "Measure which vents you want to seal", "created": "2010-01-13 17:07:12"}}, {"pk": 31, "model": "rah.activity", "fields": {"content": "Magnetic vent covers stay in place, but are also easy to remove", "updated": "2010-01-13 17:07:12", "points": 10, "name": "Buy the vent cover", "created": "2010-01-13 17:07:12"}}, {"pk": 32, "model": "rah.activity", "fields": {"content": "     ", "updated": "2010-01-13 17:07:36", "points": 10, "name": "Install vent cover ", "created": "2010-01-13 17:07:36"}}, {"pk": 33, "model": "rah.activity", "fields": {"content": "Don't underestimate the benefits of new filters. Clean filters help your system run efficiently, last longer, and create better indoor air quality. ", "updated": "2010-01-13 17:07:56", "points": 10, "name": "Change your filters every three months", "created": "2010-01-13 17:07:56"}}, {"pk": 38, "model": "rah.activity", "fields": {"content": "   ", "updated": "2010-01-25 10:32:51", "points": 10, "name": "Turn your fan on", "created": "2010-01-25 10:32:51"}}, {"pk": 40, "model": "rah.activity", "fields": {"content": "If you have a fan installed properly, you can raise your thermostat by four degrees and not feel any hotter.<cite>Novak, Sara. \"<a href=\"http://planetgreen.discovery.com/home-garden/fans-thermostat-degrees.html\">Use Fans, Turn the Thermostat Up 4 Degrees</a>.\" Planet Green. 2 Aug 2009. 25 Jan 2010.</cite> Consistently keeping your thermostat four degrees higher in the summer will save you around 12% on your summer cooling bill.<cite>\"3 percent to 5 percent more energy is used for each degree the furnace is set above 68 degrees and for each degree the air conditioner is set below 78 degrees,\" \"<a href=\"http://www.pge.com/myhome/saveenergymoney/savingstips/\">Energy Saving Tips</a>. PG&E. n.d. 25 Jan 2010.</cite>", "updated": "2010-01-25 10:31:29", "points": 10, "name": "Raise your thermostat", "created": "2010-01-25 10:31:29"}}, {"pk": 46, "model": "rah.activity", "fields": {"content": "Common culprits can be found in hallways, bathrooms, and porches.", "updated": "2010-01-15 12:27:54", "points": 10, "name": "Identify lights that are often left on", "created": "2010-01-15 12:27:54"}}, {"pk": 48, "model": "rah.activity", "fields": {"content": "Motion sensors are a good choice for hallways and bathrooms. A timer can help you set your porch lights to go off at sunrise or turn off  lights by windows after a certain amount of time. ", "updated": "2010-01-13 17:07:12", "points": 10, "name": "Decide between a motion sensor or a timer ", "created": "2010-01-13 17:07:12"}}, {"pk": 50, "model": "rah.activity", "fields": {"content": "Sensors and motion detectors are easy to install and operate. Once you set it up, plug it in and start enjoying automatic savings.", "updated": "2010-01-14 14:53:14", "points": 10, "name": "Install", "created": "2010-01-14 14:53:14"}}, {"pk": 20, "model": "rah.activity", "fields": {"content": "Check to make sure your damper is closed when you're not using your fireplace. Open dampers are like open windows in the middle of winter! ", "updated": "2010-01-14 14:53:48", "points": 10, "name": "Close the damper", "created": "2010-01-14 14:53:48"}}, {"pk": 30, "model": "rah.activity", "fields": {"content": "<img align=\"left\" width=\"150\" height=\"150\" src=\"http://rahstatic.s3.amazonaws.com/actionmedia/watersenselabel.jpg\">You can find them at any local home improvement store. Starting in 2010, these high efficiency shower heads will carry the EPA WaterSense logo, making them easy to identify. Low-flow shower heads have a flow rate of less than 2.0 gpm, but most homes only need a 1.5 gpm shower head. The flow rate should be listed on the box.  Every shower you take will use 25% less water and energy if you opt for a 1.5gpm shower head over a 2.0 gpm model.", "updated": "2010-01-15 12:28:30", "points": 15, "name": "Buy a low-flow shower head", "created": "2010-01-15 12:28:30"}}, {"pk": 34, "model": "rah.activity", "fields": {"content": "You can easily do the installation yourself. For step-by-step instructions, refer to <a href='http://www.ehow.com/how_5097759_fit-shower-head.html'>this article</a>.", "updated": "2010-01-15 12:28:42", "points": 10, "name": "Install the shower head", "created": "2010-01-15 12:28:42"}}, {"pk": 36, "model": "rah.activity", "fields": {"content": "Warm air rises and sits near the ceiling, while it feels much colder on the floor. During the winter, reverse the direction of your ceiling fan. Warm air will now be pushed down, making the room feel warmer. This is particularly useful for homes with ceilings above 8 feet tall.", "updated": "2010-01-15 12:32:39", "points": 10, "name": "Reverse the direction of your fan", "created": "2010-01-15 12:32:39"}}, {"pk": 37, "model": "rah.activity", "fields": {"content": "Turning the fan on only saves energy if you also lower your heat. Experiment to find a comfortable setting. You should be able lower your thermostat enough to still feel comfortable and save around 10% on your heating bills.<cite>Kristin Underwood, Treehugger.com <a href=\"http://www.treehugger.com/files/2009/10/turn-back-your-clock-and-fan-this-halloween-for-better-energy-savings.php\">Turn Back Your Clock and Fan This Halloween for Better Energy Savings</a></cite> ", "updated": "2010-01-15 12:32:10", "points": 10, "name": "Lower your thermostat", "created": "2010-01-15 12:32:10"}}, {"pk": 39, "model": "rah.activity", "fields": {"content": "Sink aerators - small pieces that attach to your sinks - are widely available and very inexpensive: from about 50 cents to $3.00. For the bathroom, look for an aerator with a flow rate of between 0.5 to 1 gallon per minute. You can also install aerators in your kitchen, but kitchen sinks need a higher flow rate. \r\n\r\nLow-flow bathroom faucets can reduce a sink's water flow by 30 percent or more without sacrificing performance.<cite>EPA, WaterSense, <a href=\"http://www.epa.gov/watersense/products/bathroom_sink_faucets.html\">Bathroom Sink Faucets & Accessories</a></cite> Look for the EPA WaterSense logo on aerators to ensure you're purchasing a low-flow version.\r\n\r\nThe website MetaEfficient has <a href='http://www.metaefficient.com/bathroom-products/kitchen-faucet-aerator.html'>reviews and purchasing information</a> for some of the most popular sink aerators.", "updated": "2010-01-15 13:34:21", "points": 15, "name": "Buy a sink aerator", "created": "2010-01-15 13:34:21"}}, {"pk": 41, "model": "rah.activity", "fields": {"content": "It will screw right on to the bottom of most faucets.", "updated": "2010-01-13 17:07:12", "points": 10, "name": "Install the aerator", "created": "2010-01-13 17:07:12"}}, {"pk": 51, "model": "rah.activity", "fields": {"content": "CFLs can be used virtually everywhere. Certain CFLs can even be used with dimmers and other specialty lights. To find the right CFL for you, consult the <a href='http://www.energystar.gov/index.cfm?c=cfls.pr_tips_cfls'>Energy Star Buyer's Guide</a>.", "updated": "2010-01-14 14:58:22", "points": 0, "name": "Assess your needs", "created": "2010-01-14 14:58:22"}}, {"pk": 52, "model": "rah.activity", "fields": {"content": "CFLs are widely available. CFLs are a bit more expensive, but you'll easily recoup your investment in energy savings. One CFL will save you $30 over the bulb's lifetime, paying for itself in around six months.<cite>ENERGY STAR, <a href=\"http://www.energystar.gov/index.cfm?c=cfls.pr_cfls>Compact Fluorescent Light Bulbs for Consumers</a><cite> The average home has 45 light bulbs; replacing all of these will save you over $1,300.<cite>Brian Dakss, The CBS Early Show <a href=\"http://www.cbsnews.com/stories/2007/06/22/earlyshow/living/home/main2965734.shtml>\"Green\" Light Bulb Buying Guide</a></cite> CFLs also last up to ten times longer, meaning fewer trips to the hardware store.", "updated": "2010-01-14 14:58:38", "points": 0, "name": "Buy the light bulbs", "created": "2010-01-14 14:58:38"}}, {"pk": 57, "model": "rah.activity", "fields": {"content": "           ", "updated": "2010-01-13 16:14:46", "points": 10, "name": "Install one CFL", "created": "2010-01-13 16:14:46"}}, {"pk": 58, "model": "rah.activity", "fields": {"content": "               ", "updated": "2010-01-13 16:15:05", "points": 40, "name": "Install five CFLs", "created": "2010-01-13 16:15:05"}}, {"pk": 59, "model": "rah.activity", "fields": {"content": "        ", "updated": "2010-01-13 16:17:38", "points": 50, "name": "Install ten CFLs", "created": "2010-01-13 16:15:49"}}, {"pk": 60, "model": "rah.activity", "fields": {"content": "                  ", "updated": "2010-01-13 16:18:15", "points": 100, "name": "Install twenty CFLs", "created": "2010-01-13 16:18:15"}}, {"pk": 61, "model": "rah.activity", "fields": {"content": "You can buy caulk at virtually any hardware store. There are many different types of caulk available, but make sure you select a caulk designed to seal dissimilar materials. <strong>Butyl rubber caulk</strong> is one good choice.", "updated": "2010-01-25 15:31:40", "points": 5, "name": "Select your caulk", "created": "2010-01-25 14:46:53"}}, {"pk": 62, "model": "rah.activity", "fields": {"content": "Wipe down the surface and scrape away any old caulk with a putty knife or screw driver. Make sure the surface is completely dry before you start.", "updated": "2010-01-25 15:40:13", "points": 5, "name": "Clean the surface", "created": "2010-01-25 15:40:13"}}, {"pk": 63, "model": "rah.activity", "fields": {"content": "Make sure to put caulk where the glass meets the frame and in the frame's joints. \r\n\r\nCaulking is an improvement you can easily do yourself, but it can take some practice to get it perfect. To perfect your form, try:<ul><li>Holding the gun at a 45\u00ba angle, so the caulk is forced into cracks as it comes out.</li> <li>Caulking continually, without multiple stops and starts.</li> <li>Having the caulk stick to both sides of a gap.</li>\r\n</ul>", "updated": "2010-01-25 16:00:35", "points": 20, "name": "Caulk", "created": "2010-01-25 15:55:30"}}, {"pk": 64, "model": "rah.activity", "fields": {"content": "Window insulation kits contain a special plastic sheet and double-sided tape. The sheet traps air between the sheet and glass, creating an insulating barrier. Kits - like those from <a href=\"http://www.amazon.com/3M-2141W-Indoor-5-Window-Insulator/dp/B00002NCJI\">3M</a> and <a href=\"http://www.acehardware.com/product/index.jsp?productId=1286194&CAWELAID=109365640\">Ace</a> - are easy to install and generally cost less than $4 per window. ", "updated": "2010-01-26 10:05:26", "points": 10, "name": "Buy a window insulation kit", "created": "2010-01-26 10:05:26"}}, {"pk": 65, "model": "rah.activity", "fields": {"content": "With just some scissors and a few minutes, you can stop uncomfortable drafts.", "updated": "2010-01-26 10:10:12", "points": 5, "name": "Install the kit", "created": "2010-01-26 10:10:12"}}, {"pk": 67, "model": "rah.activity", "fields": {"content": "The most energy efficient windows are double-paned and constructed with high-performance glass. \"High- performance\" means the glass is able to absorb or reflect light better than conventional glass. In cold areas, for example, \"low-e\" windows are a good choice. They readily absorb heat and reflect it back into the room. In warm areas, \"spectrally selective\" glass reduces heat gain while allowing light to pass through. \r\n\r\nChoosing the right window will make a big difference in your energy bills. A contractor will be able to tailor recommendations to your home's needs. ", "updated": "2010-01-26 14:14:29", "points": 100, "name": "Select high-performance windows", "created": "2010-01-26 14:14:22"}}, {"pk": 68, "model": "rah.activity", "fields": {"content": "      ", "updated": "2010-01-26 14:16:38", "points": 50, "name": "Install the windows", "created": "2010-01-26 14:16:38"}}, {"pk": 69, "model": "rah.activity", "fields": {"content": "It's easy to customize your power management preferences. Set your computer to enter standby or hibernate mode after 30 to 60 minutes of inactivity. Have the monitor turn off after 20 minutes of inactivity. \r\n<ul><li><strong>For Windows Users:</strong>\r\nStart -> Control Panel -> Performance and Maintenance -> Power Options</li>\r\n<li><strong>For Mac Users:</strong>\r\nApplications -> System Preferences -> Energy Saver</li>\r\n</ul>", "updated": "2010-01-27 15:18:11", "points": 20, "name": "Activate energy-saving settings", "created": "2010-01-27 14:36:28"}}, {"pk": 8, "model": "rah.actiontask", "fields": {"action": 16, "sequence": 1}}, {"pk": 11, "model": "rah.actiontask", "fields": {"action": 16, "sequence": 2}}, {"pk": 15, "model": "rah.actiontask", "fields": {"action": 16, "sequence": 3}}, {"pk": 7, "model": "rah.actiontask", "fields": {"action": 17, "sequence": 1}}, {"pk": 9, "model": "rah.actiontask", "fields": {"action": 17, "sequence": 2}}, {"pk": 19, "model": "rah.actiontask", "fields": {"action": 18, "sequence": 1}}, {"pk": 10, "model": "rah.actiontask", "fields": {"action": 19, "sequence": 1}}, {"pk": 12, "model": "rah.actiontask", "fields": {"action": 19, "sequence": 2}}, {"pk": 13, "model": "rah.actiontask", "fields": {"action": 19, "sequence": 3}}, {"pk": 14, "model": "rah.actiontask", "fields": {"action": 19, "sequence": 4}}, {"pk": 21, "model": "rah.actiontask", "fields": {"action": 20, "sequence": 1}}, {"pk": 23, "model": "rah.actiontask", "fields": {"action": 20, "sequence": 2}}, {"pk": 16, "model": "rah.actiontask", "fields": {"action": 21, "sequence": 1}}, {"pk": 17, "model": "rah.actiontask", "fields": {"action": 21, "sequence": 2}}, {"pk": 18, "model": "rah.actiontask", "fields": {"action": 21, "sequence": 3}}, {"pk": 35, "model": "rah.actiontask", "fields": {"action": 22, "sequence": 1}}, {"pk": 43, "model": "rah.actiontask", "fields": {"action": 23, "sequence": 1}}, {"pk": 66, "model": "rah.actiontask", "fields": {"action": 23, "sequence": 2}}, {"pk": 22, "model": "rah.actiontask", "fields": {"action": 24, "sequence": 1}}, {"pk": 24, "model": "rah.actiontask", "fields": {"action": 24, "sequence": 2}}, {"pk": 25, "model": "rah.actiontask", "fields": {"action": 24, "sequence": 3}}, {"pk": 26, "model": "rah.actiontask", "fields": {"action": 24, "sequence": 4}}, {"pk": 27, "model": "rah.actiontask", "fields": {"action": 26, "sequence": 1}}, {"pk": 28, "model": "rah.actiontask", "fields": {"action": 26, "sequence": 2}}, {"pk": 29, "model": "rah.actiontask", "fields": {"action": 27, "sequence": 1}}, {"pk": 31, "model": "rah.actiontask", "fields": {"action": 27, "sequence": 2}}, {"pk": 32, "model": "rah.actiontask", "fields": {"action": 27, "sequence": 3}}, {"pk": 33, "model": "rah.actiontask", "fields": {"action": 30, "sequence": 1}}, {"pk": 38, "model": "rah.actiontask", "fields": {"action": 31, "sequence": 1}}, {"pk": 40, "model": "rah.actiontask", "fields": {"action": 31, "sequence": 2}}, {"pk": 46, "model": "rah.actiontask", "fields": {"action": 32, "sequence": 1}}, {"pk": 48, "model": "rah.actiontask", "fields": {"action": 32, "sequence": 2}}, {"pk": 50, "model": "rah.actiontask", "fields": {"action": 32, "sequence": 3}}, {"pk": 20, "model": "rah.actiontask", "fields": {"action": 33, "sequence": 1}}, {"pk": 30, "model": "rah.actiontask", "fields": {"action": 34, "sequence": 1}}, {"pk": 34, "model": "rah.actiontask", "fields": {"action": 34, "sequence": 2}}, {"pk": 36, "model": "rah.actiontask", "fields": {"action": 35, "sequence": 1}}, {"pk": 37, "model": "rah.actiontask", "fields": {"action": 35, "sequence": 2}}, {"pk": 39, "model": "rah.actiontask", "fields": {"action": 36, "sequence": 1}}, {"pk": 41, "model": "rah.actiontask", "fields": {"action": 36, "sequence": 2}}, {"pk": 51, "model": "rah.actiontask", "fields": {"action": 37, "sequence": 1}}, {"pk": 52, "model": "rah.actiontask", "fields": {"action": 37, "sequence": 2}}, {"pk": 57, "model": "rah.actiontask", "fields": {"action": 37, "sequence": 3}}, {"pk": 58, "model": "rah.actiontask", "fields": {"action": 37, "sequence": 4}}, {"pk": 59, "model": "rah.actiontask", "fields": {"action": 37, "sequence": 5}}, {"pk": 60, "model": "rah.actiontask", "fields": {"action": 37, "sequence": 6}}, {"pk": 61, "model": "rah.actiontask", "fields": {"action": 38, "sequence": 1}}, {"pk": 62, "model": "rah.actiontask", "fields": {"action": 38, "sequence": 2}}, {"pk": 63, "model": "rah.actiontask", "fields": {"action": 38, "sequence": 3}}, {"pk": 64, "model": "rah.actiontask", "fields": {"action": 39, "sequence": 1}}, {"pk": 65, "model": "rah.actiontask", "fields": {"action": 39, "sequence": 2}}, {"pk": 67, "model": "rah.actiontask", "fields": {"action": 40, "sequence": 1}}, {"pk": 68, "model": "rah.actiontask", "fields": {"action": 40, "sequence": 2}}, {"pk": 69, "model": "rah.actiontask", "fields": {"action": 41, "sequence": 1}}]
